"participant_id","stage","submit_vs_loading_ms","loading_to_response_ms"
"08ac2297-0b98-4cb8-b139-cef90ef8a130",1,114,1115
"08ac2297-0b98-4cb8-b139-cef90ef8a130",2,57,1025
"08ac2297-0b98-4cb8-b139-cef90ef8a130",3,53,5325
"08ac2297-0b98-4cb8-b139-cef90ef8a130",4,56,5849
"0b80d693-ed63-437f-ba7c-12954ea3a01a",1,79,5990
"0b80d693-ed63-437f-ba7c-12954ea3a01a",2,53,1176
"0b80d693-ed63-437f-ba7c-12954ea3a01a",3,52,929
"0b80d693-ed63-437f-ba7c-12954ea3a01a",4,51,6086
"157dbf55-a7cf-447e-a451-e2e7d280420e",1,302,1212
"157dbf55-a7cf-447e-a451-e2e7d280420e",2,110,1087
"157dbf55-a7cf-447e-a451-e2e7d280420e",3,111,5657
"157dbf55-a7cf-447e-a451-e2e7d280420e",4,144,6231
"17752845-c625-46fe-8e46-0f0d5a71b832",1,485,1669
"17752845-c625-46fe-8e46-0f0d5a71b832",2,267,1567
"17752845-c625-46fe-8e46-0f0d5a71b832",3,266,6059
"17752845-c625-46fe-8e46-0f0d5a71b832",4,268,6540
"1c8fb8a2-eca2-4ab2-b64a-dff9533d3730",1,1220,1859
"1c8fb8a2-eca2-4ab2-b64a-dff9533d3730",2,278,1519
"1c8fb8a2-eca2-4ab2-b64a-dff9533d3730",3,258,6603
"1c8fb8a2-eca2-4ab2-b64a-dff9533d3730",4,267,6236
"1fc3e211-43be-427a-9567-811fd2785659",1,332,1112
"1fc3e211-43be-427a-9567-811fd2785659",2,114,1279
"1fc3e211-43be-427a-9567-811fd2785659",3,114,
"2edbf25d-2794-4003-9001-eaec04cff1b2",1,304,1666
"2edbf25d-2794-4003-9001-eaec04cff1b2",2,270,6806
"2edbf25d-2794-4003-9001-eaec04cff1b2",3,152,1040
"2ef6f4c9-5435-4e3c-a65c-782a65dd5917",1,152,5377
"2ef6f4c9-5435-4e3c-a65c-782a65dd5917",2,86,1013
"2ef6f4c9-5435-4e3c-a65c-782a65dd5917",3,81,1121
"2ef6f4c9-5435-4e3c-a65c-782a65dd5917",4,76,6183
"320acc6f-5607-4acc-92e8-4a2098a53cde",1,193,1101
"320acc6f-5607-4acc-92e8-4a2098a53cde",2,112,5997
"320acc6f-5607-4acc-92e8-4a2098a53cde",3,147,10514
"3e521409-b747-4225-abfa-07bea7a114d2",1,111,1216
"3e521409-b747-4225-abfa-07bea7a114d2",2,43,1199
"3e521409-b747-4225-abfa-07bea7a114d2",3,50,5736
"3e521409-b747-4225-abfa-07bea7a114d2",4,44,6001
"40d58ce1-a915-4443-a8e3-afe1adad6313",1,140,6317
"40d58ce1-a915-4443-a8e3-afe1adad6313",2,112,1328
"40d58ce1-a915-4443-a8e3-afe1adad6313",3,125,5704
"40d58ce1-a915-4443-a8e3-afe1adad6313",4,127,5622
"42090104-6978-4416-91ab-c30d20119186",1,268,891
"42090104-6978-4416-91ab-c30d20119186",2,46,1009
"42090104-6978-4416-91ab-c30d20119186",3,44,5273
"42090104-6978-4416-91ab-c30d20119186",4,44,6115
"4b18ea17-e6db-4c64-889b-b9b82b11ba23",1,108,1134
"4b18ea17-e6db-4c64-889b-b9b82b11ba23",2,75,6179
"4b18ea17-e6db-4c64-889b-b9b82b11ba23",3,92,6065
"4b18ea17-e6db-4c64-889b-b9b82b11ba23",4,92,1207
"4b8721a8-acd7-4889-a923-b3caa68854f3",1,964,1526
"4b8721a8-acd7-4889-a923-b3caa68854f3",2,277,6673
"4b8721a8-acd7-4889-a923-b3caa68854f3",3,251,6146
"4b8721a8-acd7-4889-a923-b3caa68854f3",4,263,1596
"556be892-4ebe-4173-a4da-d30bc2deab9b",1,160,979
"556be892-4ebe-4173-a4da-d30bc2deab9b",2,60,5443
"556be892-4ebe-4173-a4da-d30bc2deab9b",3,56,6295
"556be892-4ebe-4173-a4da-d30bc2deab9b",4,54,1129
"5d033d2d-c398-4a32-8818-3e20ca36418a",1,5252,6783
"5d033d2d-c398-4a32-8818-3e20ca36418a",2,265,10518
"5d033d2d-c398-4a32-8818-3e20ca36418a",3,256,1716
"5d033d2d-c398-4a32-8818-3e20ca36418a",4,266,5401
"5fa6d0ff-3749-4f20-9155-e9cfae4c649c",1,124,5390
"5fa6d0ff-3749-4f20-9155-e9cfae4c649c",2,56,5936
"5fa6d0ff-3749-4f20-9155-e9cfae4c649c",3,55,1257
"5fa6d0ff-3749-4f20-9155-e9cfae4c649c",4,56,937
"64b780f6-1ed4-4b9e-ac50-47b28901a768",1,460,19654
"64b780f6-1ed4-4b9e-ac50-47b28901a768",2,248,1866
"64b780f6-1ed4-4b9e-ac50-47b28901a768",3,434,1519
"6bafb5cb-75d8-48bf-b917-ac89a7c68a90",1,110,1053
"6bafb5cb-75d8-48bf-b917-ac89a7c68a90",2,84,967
"6bafb5cb-75d8-48bf-b917-ac89a7c68a90",3,83,5943
"6bafb5cb-75d8-48bf-b917-ac89a7c68a90",4,75,5646
"6ce39c54-9d2a-4f57-9415-56c547654b17",1,908,6508
"6ce39c54-9d2a-4f57-9415-56c547654b17",2,255,1723
"6ce39c54-9d2a-4f57-9415-56c547654b17",3,425,5959
"6ce39c54-9d2a-4f57-9415-56c547654b17",4,239,1856
"79bdb3e5-c772-4ad8-b012-70e66d293aa8",1,1464,3102
"79bdb3e5-c772-4ad8-b012-70e66d293aa8",2,690,7340
"79bdb3e5-c772-4ad8-b012-70e66d293aa8",3,810,2897
"79bdb3e5-c772-4ad8-b012-70e66d293aa8",4,672,7401
"8606de78-9482-454a-bb43-38598ac0f777",1,527,1968
"8606de78-9482-454a-bb43-38598ac0f777",2,312,1642
"8606de78-9482-454a-bb43-38598ac0f777",3,306,6857
"8606de78-9482-454a-bb43-38598ac0f777",4,296,6208
"8b3532d4-42fe-4dd8-9bba-905df34bd1fe",1,103,5292
"8b3532d4-42fe-4dd8-9bba-905df34bd1fe",2,66,1087
"8b3532d4-42fe-4dd8-9bba-905df34bd1fe",3,65,954
"8b3532d4-42fe-4dd8-9bba-905df34bd1fe",4,65,5624
"93a61020-2b0e-41d0-b9bd-5d88377542cd",1,165,1083
"93a61020-2b0e-41d0-b9bd-5d88377542cd",2,107,1225
"93a61020-2b0e-41d0-b9bd-5d88377542cd",3,156,5540
"93a61020-2b0e-41d0-b9bd-5d88377542cd",4,111,5475
"95887a44-0a77-434e-af09-ebac0106e771",1,324,1285
"95887a44-0a77-434e-af09-ebac0106e771",2,174,1219
"95887a44-0a77-434e-af09-ebac0106e771",3,157,6180
"95887a44-0a77-434e-af09-ebac0106e771",4,181,6046
"9ae7c7fd-8378-4a5c-9778-609892f38c2d",1,110,984
"9ae7c7fd-8378-4a5c-9778-609892f38c2d",2,48,974
"9ae7c7fd-8378-4a5c-9778-609892f38c2d",3,48,5545
"9ae7c7fd-8378-4a5c-9778-609892f38c2d",4,52,6153
"9d35c27e-3be9-4477-82cb-6ac77c5f5521",1,157,1490
"9d35c27e-3be9-4477-82cb-6ac77c5f5521",2,74,5926
"9d35c27e-3be9-4477-82cb-6ac77c5f5521",3,73,1151
"9d35c27e-3be9-4477-82cb-6ac77c5f5521",4,73,6101
"a8e2af89-e97d-4ea5-9be5-c6bf31dac532",1,137,1061
"a8e2af89-e97d-4ea5-9be5-c6bf31dac532",2,95,1196
"a8e2af89-e97d-4ea5-9be5-c6bf31dac532",3,119,6129
"a8e2af89-e97d-4ea5-9be5-c6bf31dac532",4,89,5785
"bad94ac5-389f-4307-9b0b-7b33bb81da34",1,99,1106
"bad94ac5-389f-4307-9b0b-7b33bb81da34",2,55,1001
"bad94ac5-389f-4307-9b0b-7b33bb81da34",3,66,6058
"bad94ac5-389f-4307-9b0b-7b33bb81da34",4,61,5794
"bb5bb347-3fd4-4e20-8d08-dc96b613d6de",1,230,5580
"bb5bb347-3fd4-4e20-8d08-dc96b613d6de",2,132,1079
"bb5bb347-3fd4-4e20-8d08-dc96b613d6de",3,167,5628
"bb5bb347-3fd4-4e20-8d08-dc96b613d6de",4,157,1158
"c44647ad-bc66-45ca-9a8d-b81e26848b2a",1,131,6340
"c44647ad-bc66-45ca-9a8d-b81e26848b2a",2,86,6267
"c44647ad-bc66-45ca-9a8d-b81e26848b2a",3,84,926
"c44647ad-bc66-45ca-9a8d-b81e26848b2a",4,80,1339
"c873bb2b-61bf-46bd-8938-8cda18572f20",1,648,1570
"c873bb2b-61bf-46bd-8938-8cda18572f20",2,242,1649
"c873bb2b-61bf-46bd-8938-8cda18572f20",3,243,5982
"c873bb2b-61bf-46bd-8938-8cda18572f20",4,239,6360
"c8e9db6d-5dbe-4ded-9973-013456188fd4",1,196,1151
"c8e9db6d-5dbe-4ded-9973-013456188fd4",2,138,1220
"c8e9db6d-5dbe-4ded-9973-013456188fd4",3,254,5606
"c8e9db6d-5dbe-4ded-9973-013456188fd4",4,109,6105
"cd504edb-1db3-4575-b403-062f6bd5fd01",1,215,5983
"cd504edb-1db3-4575-b403-062f6bd5fd01",2,96,1187
"cd504edb-1db3-4575-b403-062f6bd5fd01",3,103,1080
"cd504edb-1db3-4575-b403-062f6bd5fd01",4,102,5336
"d15bbd3a-3410-4145-8e58-3aa24fddc9f5",1,6908,1720
"d15bbd3a-3410-4145-8e58-3aa24fddc9f5",2,270,6308
"d15bbd3a-3410-4145-8e58-3aa24fddc9f5",3,266,6414
"d15bbd3a-3410-4145-8e58-3aa24fddc9f5",4,264,1791
"d95962e7-3a05-4c5b-a62a-b6204886c23e",1,88,5362
"d95962e7-3a05-4c5b-a62a-b6204886c23e",2,52,1084
"d95962e7-3a05-4c5b-a62a-b6204886c23e",3,65,1141
"d95962e7-3a05-4c5b-a62a-b6204886c23e",4,54,5820
"e54dcf72-08dd-4193-aa0a-5385bbaa429e",1,772,1664
"e54dcf72-08dd-4193-aa0a-5385bbaa429e",2,529,6868
"e54dcf72-08dd-4193-aa0a-5385bbaa429e",3,2279,6501
"e54dcf72-08dd-4193-aa0a-5385bbaa429e",4,302,1686
"f2bc9163-0e88-4b51-b21f-36a4064dbd24",1,366,6403
"f777516f-4483-46e6-ae27-7f5360e1871f",1,162,1008
"f777516f-4483-46e6-ae27-7f5360e1871f",2,82,1087
"f777516f-4483-46e6-ae27-7f5360e1871f",3,84,5478
"f777516f-4483-46e6-ae27-7f5360e1871f",4,81,5949
"fd252c36-cde3-492b-ad8d-4cd73f662d8b",1,405,6690
"fd252c36-cde3-492b-ad8d-4cd73f662d8b",2,120,1429
"fd252c36-cde3-492b-ad8d-4cd73f662d8b",3,138,1292
"fd252c36-cde3-492b-ad8d-4cd73f662d8b",4,662,6417
"fff11bee-c99f-4d52-851a-e3006df550b0",1,166,1447
"fff11bee-c99f-4d52-851a-e3006df550b0",2,217,6606
"fff11bee-c99f-4d52-851a-e3006df550b0",3,156,1484