participant_id,latency,complexity,trustworthiness,accuracy,completeness,usefulness,comprehensibility,age,gender,education,pre_aiFrequency,pre_generalTrust,post_generalTrust,post_overall_trustworthiness,post_overall_credibility,post_interaction_pleasantness,submit_to_load_ms,load_to_resp_ms,condition,last_scenario_stage,gradio_app_finished,scenario_title,tokens_per_second,scenario_id,response_delay_seconds,timestamp
6bafb5cb-75d8-48bf-b917-ac89a7c68a90,Slow,Easy,3,4,4,5,7,26,male,master,sometimes,4,3,6,6,6,110.0,1053.0,slow_easy,5,True,,20.8093672959376,scenario4,5.711181480706273,2025-04-06T16:51:37.519140
6bafb5cb-75d8-48bf-b917-ac89a7c68a90,Fast,Easy,4,6,3,2,7,26,male,master,sometimes,4,3,6,6,6,84.0,967.0,fast_easy,5,True,,22.408786619688875,scenario2,0.8630571931104184,2025-04-06T16:46:32.799610
6bafb5cb-75d8-48bf-b917-ac89a7c68a90,Slow,Hard,5,6,6,5,4,26,male,master,sometimes,4,3,6,6,6,83.0,5943.0,slow_hard,5,True,,24.65807423544778,scenario1,5.414006842954924,2025-04-06T16:54:21.210609
6bafb5cb-75d8-48bf-b917-ac89a7c68a90,Fast,Hard,5,6,6,5,3,26,male,master,sometimes,4,3,6,6,6,75.0,5646.0,fast_hard,5,True,,22.65200504165142,scenario3,0.7439340014159447,2025-04-06T16:50:06.020446
9d35c27e-3be9-4477-82cb-6ac77c5f5521,Slow,Easy,3,2,3,2,7,24,female,vocational,often,3,5,5,5,7,157.0,1490.0,slow_easy,5,True,,23.258788501107816,scenario2,5.773971752696705,2025-03-25T19:57:56.628457
9d35c27e-3be9-4477-82cb-6ac77c5f5521,Fast,Easy,5,4,5,5,7,24,female,vocational,often,3,5,5,5,7,74.0,5926.0,fast_easy,5,True,,19.805180660288404,scenario4,0.7922118763194841,2025-03-25T19:56:41.725102
9d35c27e-3be9-4477-82cb-6ac77c5f5521,Slow,Hard,5,5,5,3,2,24,female,vocational,often,3,5,5,5,7,73.0,1151.0,slow_hard,5,True,,24.090957563865743,scenario3,5.458071692888004,2025-03-25T19:55:05.649760
9d35c27e-3be9-4477-82cb-6ac77c5f5521,Fast,Hard,5,6,6,6,3,24,female,vocational,often,3,5,5,5,7,73.0,6101.0,fast_hard,5,True,,26.401170007094304,scenario1,0.87227744909026,2025-03-25T19:52:04.746423
c44647ad-bc66-45ca-9a8d-b81e26848b2a,Slow,Easy,1,1,1,2,6,23,male,highschool,often,2,2,1,3,2,131.0,6340.0,slow_easy,5,True,,25.194976235774263,scenario1,5.961376501654938,2025-04-08T22:37:57.010319
c44647ad-bc66-45ca-9a8d-b81e26848b2a,Fast,Easy,2,2,3,4,5,23,male,highschool,often,2,2,1,3,2,86.0,6267.0,fast_easy,5,True,,24.96986247769563,scenario2,0.7360522370988485,2025-04-08T22:39:30.668458
c44647ad-bc66-45ca-9a8d-b81e26848b2a,Slow,Hard,5,6,6,4,3,23,male,highschool,often,2,2,1,3,2,84.0,926.0,slow_hard,5,True,,23.625890766623737,scenario3,5.8904138830879935,2025-04-08T22:36:33.113933
c44647ad-bc66-45ca-9a8d-b81e26848b2a,Fast,Hard,6,7,6,5,3,23,male,highschool,often,2,2,1,3,2,80.0,1339.0,fast_hard,5,True,,23.745825826468742,scenario4,0.8378829050465453,2025-04-08T22:41:31.150410
9ae7c7fd-8378-4a5c-9778-609892f38c2d,Slow,Easy,4,3,1,2,7,23,female,highschool,often,6,6,6,7,5,110.0,984.0,slow_easy,5,True,,19.89802610704637,scenario4,5.091888740399547,2025-03-30T17:35:22.482118
9ae7c7fd-8378-4a5c-9778-609892f38c2d,Fast,Easy,4,6,2,3,7,23,female,highschool,often,6,6,6,7,5,48.0,974.0,fast_easy,5,True,,23.14870180923855,scenario3,0.7601387694147362,2025-03-30T17:33:44.222796
9ae7c7fd-8378-4a5c-9778-609892f38c2d,Slow,Hard,4,5,1,3,7,23,female,highschool,often,6,6,6,7,5,48.0,5545.0,slow_hard,5,True,,27.20339977791872,scenario1,5.970385039300469,2025-03-30T17:37:08.085179
9ae7c7fd-8378-4a5c-9778-609892f38c2d,Fast,Hard,5,6,6,7,7,23,female,highschool,often,6,6,6,7,5,52.0,6153.0,fast_hard,5,True,,21.252557531559862,scenario2,0.7321636738968915,2025-03-30T17:31:32.852374
1c8fb8a2-eca2-4ab2-b64a-dff9533d3730,Slow,Easy,4,6,4,6,7,21,male,highschool,very_often,5,3,4,6,5,1220.0,1859.0,slow_easy,5,True,,21.927880773137048,scenario3,5.835654113091575,2025-03-26T08:56:21.199821
1c8fb8a2-eca2-4ab2-b64a-dff9533d3730,Fast,Easy,4,2,3,3,5,21,male,highschool,very_often,5,3,4,6,5,278.0,1519.0,fast_easy,5,True,,21.39416736963348,scenario1,0.7824884161934291,2025-03-26T08:55:08.101475
1c8fb8a2-eca2-4ab2-b64a-dff9533d3730,Slow,Hard,5,6,7,6,4,21,male,highschool,very_often,5,3,4,6,5,258.0,6603.0,slow_hard,5,True,,21.94120524718066,scenario2,5.477893698898053,2025-03-26T08:58:02.651879
1c8fb8a2-eca2-4ab2-b64a-dff9533d3730,Fast,Hard,5,6,3,5,5,21,male,highschool,very_often,5,3,4,6,5,267.0,6236.0,fast_hard,5,True,,24.45430700050991,scenario4,0.7671210520450649,2025-03-26T08:53:25.821389
64b780f6-1ed4-4b9e-ac50-47b28901a768,Slow,Easy,1,2,3,2,5,25,male,highschool,very_often,5,4,4,5,5,460.0,19654.0,slow_easy,2,True,,20.92869929445758,scenario1,5.654110441088807,2025-04-05T10:07:00.603638
64b780f6-1ed4-4b9e-ac50-47b28901a768,Fast,Easy,2,2,1,1,6,25,male,highschool,very_often,5,4,4,5,5,248.0,1866.0,fast_easy,2,True,,21.653610134505563,scenario2,0.8336611166594886,2025-04-05T10:13:02.134717
64b780f6-1ed4-4b9e-ac50-47b28901a768,Slow,Hard,7,7,7,6,5,25,male,highschool,very_often,5,4,4,5,5,434.0,1519.0,slow_hard,2,True,,24.39594722465234,scenario4,5.866652014972577,2025-04-05T10:23:22.279706
64b780f6-1ed4-4b9e-ac50-47b28901a768,Fast,Hard,6,7,7,5,4,25,male,highschool,very_often,5,4,4,5,5,,,fast_hard,2,True,,23.51401486813621,scenario3,0.8942006848713728,2025-04-05T10:11:22.864357
d95962e7-3a05-4c5b-a62a-b6204886c23e,Slow,Easy,3,3,4,2,4,25,male,highschool,sometimes,4,4,3,4,5,88.0,5362.0,slow_easy,5,True,,20.25612784561962,scenario2,5.093643123906539,2025-03-30T19:47:39.098342
d95962e7-3a05-4c5b-a62a-b6204886c23e,Fast,Easy,2,2,2,2,4,25,male,highschool,sometimes,4,4,3,4,5,52.0,1084.0,fast_easy,5,True,,22.379824583031684,scenario1,0.8215253119854957,2025-03-30T19:52:17.851549
d95962e7-3a05-4c5b-a62a-b6204886c23e,Slow,Hard,5,5,5,5,5,25,male,highschool,sometimes,4,4,3,4,5,65.0,1141.0,slow_hard,5,True,,24.17304841464694,scenario4,5.615898318822259,2025-03-30T19:55:02.212717
d95962e7-3a05-4c5b-a62a-b6204886c23e,Fast,Hard,5,5,5,5,5,25,male,highschool,sometimes,4,4,3,4,5,54.0,5820.0,fast_hard,5,True,,24.159372015659464,scenario3,0.876625979919949,2025-03-30T19:51:01.970747
4b18ea17-e6db-4c64-889b-b9b82b11ba23,Slow,Easy,5,5,5,7,7,20,male,highschool,very_often,4,5,6,7,7,108.0,1134.0,slow_easy,5,True,,21.497422746217648,scenario3,5.824985384029811,2025-03-26T10:56:30.181998
4b18ea17-e6db-4c64-889b-b9b82b11ba23,Fast,Easy,6,6,5,7,7,20,male,highschool,very_often,4,5,6,7,7,75.0,6179.0,fast_easy,5,True,,24.977565638997927,scenario2,0.7518019556114318,2025-03-26T10:53:08.806162
4b18ea17-e6db-4c64-889b-b9b82b11ba23,Slow,Hard,4,4,4,6,2,20,male,highschool,very_often,4,5,6,7,7,92.0,6065.0,slow_hard,5,True,,23.41522126814332,scenario4,5.939908223049359,2025-03-26T10:55:03.667076
4b18ea17-e6db-4c64-889b-b9b82b11ba23,Fast,Hard,6,6,6,7,7,20,male,highschool,very_often,4,5,6,7,7,92.0,1207.0,fast_hard,5,True,,23.243465393214272,scenario1,0.7567974290360914,2025-03-26T10:58:14.259796
f777516f-4483-46e6-ae27-7f5360e1871f,Slow,Easy,3,5,2,3,6,26,female,bachelor,rarely,4,5,4,5,5,162.0,1008.0,slow_easy,5,True,,23.68931547192692,scenario3,5.185250339833362,2025-03-26T17:07:55.982321
f777516f-4483-46e6-ae27-7f5360e1871f,Fast,Easy,3,7,2,3,7,26,female,bachelor,rarely,4,5,4,5,5,82.0,1087.0,fast_easy,5,True,,20.295817836729565,scenario2,0.7928233100859463,2025-03-26T17:04:44.053402
f777516f-4483-46e6-ae27-7f5360e1871f,Slow,Hard,7,6,6,6,4,26,female,bachelor,rarely,4,5,4,5,5,84.0,5478.0,slow_hard,5,True,,23.472242116661057,scenario1,5.6791677778093534,2025-03-26T17:09:53.371814
f777516f-4483-46e6-ae27-7f5360e1871f,Fast,Hard,7,7,7,7,5,26,female,bachelor,rarely,4,5,4,5,5,81.0,5949.0,fast_hard,5,True,,23.72284585969808,scenario4,0.8307445426671005,2025-03-26T17:06:37.793630
93a61020-2b0e-41d0-b9bd-5d88377542cd,Slow,Easy,2,4,1,1,6,27,female,bachelor,rarely,2,2,2,4,4,165.0,1083.0,slow_easy,5,True,,24.145938075659156,scenario3,5.1077485462453645,2025-04-02T21:18:19.448196
93a61020-2b0e-41d0-b9bd-5d88377542cd,Fast,Easy,2,5,2,2,5,27,female,bachelor,rarely,2,2,2,4,4,107.0,1225.0,fast_easy,5,True,,22.801947044129136,scenario2,0.7891286606252175,2025-04-02T21:13:41.661112
93a61020-2b0e-41d0-b9bd-5d88377542cd,Slow,Hard,4,4,3,3,3,27,female,bachelor,rarely,2,2,2,4,4,156.0,5540.0,slow_hard,5,True,,25.725240723044305,scenario1,5.189280986210063,2025-04-02T21:16:15.935183
93a61020-2b0e-41d0-b9bd-5d88377542cd,Fast,Hard,5,6,4,6,4,27,female,bachelor,rarely,2,2,2,4,4,111.0,5475.0,fast_hard,5,True,,24.29437699771034,scenario4,0.7250287309404414,2025-04-02T21:11:39.665891
95887a44-0a77-434e-af09-ebac0106e771,Slow,Easy,5,3,4,5,6,25,male,bachelor,rarely,4,4,5,5,5,324.0,1285.0,slow_easy,5,True,,20.865616088226197,scenario2,5.679129258982549,2025-03-27T07:14:32.929512
95887a44-0a77-434e-af09-ebac0106e771,Fast,Easy,4,4,3,5,5,25,male,bachelor,rarely,4,4,5,5,5,174.0,1219.0,fast_easy,5,True,,21.67350499481676,scenario1,0.7876841414194364,2025-03-27T07:07:17.984073
95887a44-0a77-434e-af09-ebac0106e771,Slow,Hard,5,6,6,6,4,25,male,bachelor,rarely,4,4,5,5,5,157.0,6180.0,slow_hard,5,True,,23.013852169699355,scenario4,5.625937043191252,2025-03-27T07:13:09.682561
95887a44-0a77-434e-af09-ebac0106e771,Fast,Hard,5,6,6,5,5,25,male,bachelor,rarely,4,4,5,5,5,181.0,6046.0,fast_hard,5,True,,24.234487858151507,scenario3,0.8759362377229383,2025-03-27T07:04:37.794272
bb5bb347-3fd4-4e20-8d08-dc96b613d6de,Slow,Easy,4,4,2,3,7,23,male,highschool,often,6,6,6,6,7,230.0,5580.0,slow_easy,5,True,,22.168697665564785,scenario4,5.294315605887132,2025-04-10T06:00:18.270887
bb5bb347-3fd4-4e20-8d08-dc96b613d6de,Fast,Easy,7,6,5,7,7,23,male,highschool,often,6,6,6,6,7,132.0,1079.0,fast_easy,5,True,,21.563751522828184,scenario2,0.7794596575860901,2025-04-10T06:01:01.655454
bb5bb347-3fd4-4e20-8d08-dc96b613d6de,Slow,Hard,6,6,3,3,4,23,male,highschool,often,6,6,6,6,7,167.0,5628.0,slow_hard,5,True,,23.230444838941366,scenario1,5.186420535090032,2025-04-10T05:57:52.601485
bb5bb347-3fd4-4e20-8d08-dc96b613d6de,Fast,Hard,7,7,5,6,7,23,male,highschool,often,6,6,6,6,7,157.0,1158.0,fast_hard,5,True,,22.25875728332835,scenario3,0.7189171100415338,2025-04-10T05:59:09.146881
2ef6f4c9-5435-4e3c-a65c-782a65dd5917,Slow,Easy,3,6,2,3,7,26,male,master,often,4,5,5,5,5,152.0,5377.0,slow_easy,5,True,,25.012124030317363,scenario1,5.6768394238233615,2025-03-31T16:31:46.655654
2ef6f4c9-5435-4e3c-a65c-782a65dd5917,Fast,Easy,6,6,5,4,7,26,male,master,often,4,5,5,5,5,86.0,1013.0,fast_easy,5,True,,21.38763317809408,scenario2,0.7295612442530924,2025-03-31T16:28:01.286401
2ef6f4c9-5435-4e3c-a65c-782a65dd5917,Slow,Hard,5,6,6,3,1,26,male,master,often,4,5,5,5,5,81.0,1121.0,slow_hard,5,True,,24.23451031179019,scenario3,5.095512963345554,2025-03-31T16:26:33.094308
2ef6f4c9-5435-4e3c-a65c-782a65dd5917,Fast,Hard,4,5,5,2,2,26,male,master,often,4,5,5,5,5,76.0,6183.0,fast_hard,5,True,,23.695792367084564,scenario4,0.8067401721470001,2025-03-31T16:29:57.766587
c8e9db6d-5dbe-4ded-9973-013456188fd4,Slow,Easy,6,6,6,6,7,26,male,highschool,very_often,5,5,6,6,7,196.0,1151.0,slow_easy,5,True,,22.6443606654521,scenario3,5.228076134569946,2025-04-02T11:47:09.282259
c8e9db6d-5dbe-4ded-9973-013456188fd4,Fast,Easy,6,6,6,6,7,26,male,highschool,very_often,5,5,6,6,7,138.0,1220.0,fast_easy,5,True,,22.56414379291152,scenario4,0.7431415976805932,2025-04-02T11:25:24.042439
c8e9db6d-5dbe-4ded-9973-013456188fd4,Slow,Hard,7,6,7,7,7,26,male,highschool,very_often,5,5,6,6,7,254.0,5606.0,slow_hard,5,True,,21.80413830335209,scenario2,5.753296247636769,2025-04-02T11:48:38.431953
c8e9db6d-5dbe-4ded-9973-013456188fd4,Fast,Hard,5,6,5,6,7,26,male,highschool,very_often,5,5,6,6,7,109.0,6105.0,fast_hard,5,True,,22.579678283405237,scenario1,0.7632405128131577,2025-04-02T11:26:53.648899
c873bb2b-61bf-46bd-8938-8cda18572f20,Slow,Easy,3,5,2,3,7,24,female,highschool,very_often,5,5,5,5,5,648.0,1570.0,slow_easy,5,True,,20.4035462912044,scenario1,5.573514250798375,2025-03-28T06:37:34.076579
c873bb2b-61bf-46bd-8938-8cda18572f20,Fast,Easy,5,5,3,6,7,24,female,highschool,very_often,5,5,5,5,5,242.0,1649.0,fast_easy,5,True,,22.57004644820528,scenario4,0.7861098166562631,2025-03-28T06:32:31.862777
c873bb2b-61bf-46bd-8938-8cda18572f20,Slow,Hard,6,6,6,5,5,24,female,highschool,very_often,5,5,5,5,5,243.0,5982.0,slow_hard,5,True,,22.996186105048046,scenario3,5.021981194593845,2025-03-28T06:35:29.472807
c873bb2b-61bf-46bd-8938-8cda18572f20,Fast,Hard,6,6,6,7,7,24,female,highschool,very_often,5,5,5,5,5,239.0,6360.0,fast_hard,5,True,,20.993796148085597,scenario2,0.7474211891768014,2025-03-28T06:30:56.992674
320acc6f-5607-4acc-92e8-4a2098a53cde,Slow,Easy,3,5,2,3,7,21,female,highschool,very_often,5,4,3,5,6,193.0,1101.0,slow_easy,2,True,,23.418747853775397,scenario3,5.208895255753999,2025-03-25T20:41:44.049406
320acc6f-5607-4acc-92e8-4a2098a53cde,Fast,Easy,1,2,1,3,5,21,female,highschool,very_often,5,4,3,5,6,112.0,5997.0,fast_easy,2,True,,21.805672977684196,scenario4,0.7088049818394003,2025-03-25T20:44:42.299572
320acc6f-5607-4acc-92e8-4a2098a53cde,Slow,Hard,4,5,6,3,2,21,female,highschool,very_often,5,4,3,5,6,147.0,10514.0,slow_hard,2,True,,22.099852089268968,scenario2,5.490278891805761,2025-03-25T20:38:34.349072
320acc6f-5607-4acc-92e8-4a2098a53cde,Fast,Hard,4,6,2,3,3,21,female,highschool,very_often,5,4,3,5,6,,,fast_hard,2,True,,23.240893980580637,scenario1,0.8402331463870891,2025-03-25T20:36:20.256162
42090104-6978-4416-91ab-c30d20119186,Slow,Easy,3,2,2,1,5,26,male,highschool,very_often,5,6,6,6,5,268.0,891.0,slow_easy,5,True,,21.52220500201848,scenario2,5.078440692878385,2025-04-02T14:28:54.973952
42090104-6978-4416-91ab-c30d20119186,Fast,Easy,5,4,2,2,7,26,male,highschool,very_often,5,6,6,6,5,46.0,1009.0,fast_easy,5,True,,20.956787474980143,scenario3,0.8054663906951032,2025-04-02T14:26:50.633653
42090104-6978-4416-91ab-c30d20119186,Slow,Hard,5,7,6,6,5,26,male,highschool,very_often,5,6,6,6,5,44.0,5273.0,slow_hard,5,True,,23.3188575210122,scenario1,5.817508668274796,2025-04-02T14:33:09.316712
42090104-6978-4416-91ab-c30d20119186,Fast,Hard,6,7,7,3,2,26,male,highschool,very_often,5,6,6,6,5,44.0,6115.0,fast_hard,5,True,,23.664087093082557,scenario4,0.7148821899236701,2025-04-02T14:23:49.778534
8606de78-9482-454a-bb43-38598ac0f777,Slow,Easy,2,3,1,1,5,20,male,highschool,very_often,4,5,1,2,2,527.0,1968.0,slow_easy,5,True,,19.46793696876153,scenario4,5.1241554648016185,2025-04-02T13:41:17.638861
8606de78-9482-454a-bb43-38598ac0f777,Fast,Easy,2,1,1,1,5,20,male,highschool,very_often,4,5,1,2,2,312.0,1642.0,fast_easy,5,True,,20.623312885012865,scenario1,0.8775463136257413,2025-04-02T13:28:11.854384
8606de78-9482-454a-bb43-38598ac0f777,Slow,Hard,4,5,3,5,4,20,male,highschool,very_often,4,5,1,2,2,306.0,6857.0,slow_hard,5,True,,21.93328473422732,scenario2,5.841388712369704,2025-04-02T13:38:32.604961
8606de78-9482-454a-bb43-38598ac0f777,Fast,Hard,4,6,4,3,3,20,male,highschool,very_often,4,5,1,2,2,296.0,6208.0,fast_hard,5,True,,22.59151734655118,scenario3,0.718109730571271,2025-04-02T13:33:51.138875
e54dcf72-08dd-4193-aa0a-5385bbaa429e,Slow,Easy,2,3,2,2,3,24,female,bachelor,very_often,4,5,3,3,3,772.0,1664.0,slow_easy,5,True,,19.914233637857272,scenario2,5.496107858616955,2025-03-26T15:29:02.248660
e54dcf72-08dd-4193-aa0a-5385bbaa429e,Fast,Easy,1,4,2,3,4,24,female,bachelor,very_often,4,5,3,3,3,529.0,6868.0,fast_easy,5,True,,23.322722330179285,scenario3,0.8023412608631869,2025-03-26T15:31:10.896007
e54dcf72-08dd-4193-aa0a-5385bbaa429e,Slow,Hard,5,6,4,2,3,24,female,bachelor,very_often,4,5,3,3,3,2279.0,6501.0,slow_hard,5,True,,23.31801418832639,scenario1,5.884481668124774,2025-03-26T15:25:34.324506
e54dcf72-08dd-4193-aa0a-5385bbaa429e,Fast,Hard,6,7,7,6,6,24,female,bachelor,very_often,4,5,3,3,3,302.0,1686.0,fast_hard,5,True,,23.44976542188985,scenario4,0.7272190470739186,2025-03-26T15:21:30.505138
d15bbd3a-3410-4145-8e58-3aa24fddc9f5,Slow,Easy,2,5,1,1,7,25,female,bachelor,sometimes,5,5,2,7,7,6908.0,1720.0,slow_easy,5,True,,22.6741837955182,scenario1,5.33432922753174,2025-03-26T18:09:55.527594
d15bbd3a-3410-4145-8e58-3aa24fddc9f5,Fast,Easy,3,5,3,2,7,25,female,bachelor,sometimes,5,5,2,7,7,270.0,6308.0,fast_easy,5,True,,21.87932613169426,scenario2,0.7796857349253278,2025-03-26T18:14:50.590575
d15bbd3a-3410-4145-8e58-3aa24fddc9f5,Slow,Hard,6,6,6,6,5,25,female,bachelor,sometimes,5,5,2,7,7,266.0,6414.0,slow_hard,5,True,,24.122603671528665,scenario4,5.567814880954136,2025-03-26T18:13:30.506667
d15bbd3a-3410-4145-8e58-3aa24fddc9f5,Fast,Hard,5,5,3,2,1,25,female,bachelor,sometimes,5,5,2,7,7,264.0,1791.0,fast_hard,5,True,,22.72265255151886,scenario3,0.8064319960309982,2025-03-26T18:08:11.597096
2edbf25d-2794-4003-9001-eaec04cff1b2,Slow,Easy,3,5,2,5,7,24,male,highschool,sometimes,5,5,5,6,3,304.0,1666.0,slow_easy,3,True,,23.149211738888493,scenario2,5.195756473048283,2025-04-10T16:30:19.605753
2edbf25d-2794-4003-9001-eaec04cff1b2,Fast,Easy,1,1,1,1,1,24,male,highschool,sometimes,5,5,5,6,3,270.0,6806.0,fast_easy,3,True,,19.65083972143531,scenario1,0.8244348945111246,2025-04-10T16:35:21.176263
2edbf25d-2794-4003-9001-eaec04cff1b2,Slow,Hard,6,6,7,6,4,24,male,highschool,sometimes,5,5,5,6,3,152.0,1040.0,slow_hard,3,True,,23.65543816566267,scenario4,5.77202180743835,2025-04-10T16:39:19.502463
2edbf25d-2794-4003-9001-eaec04cff1b2,Fast,Hard,6,6,5,2,1,24,male,highschool,sometimes,5,5,5,6,3,,,fast_hard,3,True,,22.34017412549715,scenario3,0.8884787857987289,2025-04-10T16:26:56.897151
6ce39c54-9d2a-4f57-9415-56c547654b17,Slow,Easy,3,4,2,4,6,27,female,master,often,5,5,3,6,4,908.0,6508.0,slow_easy,5,True,,22.2991370561603,scenario4,5.126145595278483,2025-03-26T07:56:56.507720
6ce39c54-9d2a-4f57-9415-56c547654b17,Fast,Easy,2,2,2,1,6,27,female,master,often,5,5,3,6,4,255.0,1723.0,fast_easy,5,True,,19.448164942447416,scenario1,0.8896542180903517,2025-03-26T07:55:19.935556
6ce39c54-9d2a-4f57-9415-56c547654b17,Slow,Hard,6,6,6,5,5,27,female,master,often,5,5,3,6,4,425.0,5959.0,slow_hard,5,True,,21.37703762739297,scenario2,5.437135113119306,2025-03-26T07:53:54.154065
6ce39c54-9d2a-4f57-9415-56c547654b17,Fast,Hard,6,6,5,7,7,27,female,master,often,5,5,3,6,4,239.0,1856.0,fast_hard,5,True,,23.52808631507276,scenario3,0.8886345798068387,2025-03-26T07:58:23.901003
8b3532d4-42fe-4dd8-9bba-905df34bd1fe,Slow,Easy,1,2,2,1,3,24,male,highschool,very_often,6,3,2,5,5,103.0,5292.0,slow_easy,5,True,,23.543139272623225,scenario3,5.386051297838584,2025-03-30T15:00:57.288474
8b3532d4-42fe-4dd8-9bba-905df34bd1fe,Fast,Easy,2,3,2,1,2,24,male,highschool,very_often,6,3,2,5,5,66.0,1087.0,fast_easy,5,True,,22.888650990220857,scenario4,0.8334011720275432,2025-03-30T14:59:14.568127
8b3532d4-42fe-4dd8-9bba-905df34bd1fe,Slow,Hard,5,7,7,5,3,24,male,highschool,very_often,6,3,2,5,5,65.0,954.0,slow_hard,5,True,,21.91054924274228,scenario2,5.049124016918084,2025-03-30T14:57:56.661844
8b3532d4-42fe-4dd8-9bba-905df34bd1fe,Fast,Hard,6,7,6,6,6,24,male,highschool,very_often,6,3,2,5,5,65.0,5624.0,fast_hard,5,True,,24.738839757922808,scenario1,0.7064119266637467,2025-03-30T15:00:08.972243
5d033d2d-c398-4a32-8818-3e20ca36418a,Slow,Easy,4,6,3,3,7,23,male,highschool,often,6,6,5,6,5,5252.0,6783.0,slow_easy,5,True,,21.495711767908915,scenario4,5.858050636834104,2025-03-26T14:57:19.935588
5d033d2d-c398-4a32-8818-3e20ca36418a,Fast,Easy,4,3,2,2,5,23,male,highschool,often,6,6,5,6,5,265.0,10518.0,fast_easy,5,True,,25.12652148877469,scenario3,0.7880351561917336,2025-03-26T15:02:57.433161
5d033d2d-c398-4a32-8818-3e20ca36418a,Slow,Hard,6,6,6,6,7,23,male,highschool,often,6,6,5,6,5,256.0,1716.0,slow_hard,5,True,,23.943157940687566,scenario1,5.058456162898767,2025-03-26T15:00:52.587296
5d033d2d-c398-4a32-8818-3e20ca36418a,Fast,Hard,6,7,7,7,5,23,male,highschool,often,6,6,5,6,5,266.0,5401.0,fast_hard,5,True,,21.96732970508278,scenario2,0.8055051574749623,2025-03-26T15:04:50.961652
cd504edb-1db3-4575-b403-062f6bd5fd01,Slow,Easy,5,3,3,3,6,22,female,highschool,very_often,4,5,5,5,5,215.0,5983.0,slow_easy,5,True,,20.151235248972128,scenario1,5.298357231603401,2025-04-04T09:57:44.922121
cd504edb-1db3-4575-b403-062f6bd5fd01,Fast,Easy,5,6,3,3,6,22,female,highschool,very_often,4,5,5,5,5,96.0,1187.0,fast_easy,5,True,,20.846085831577152,scenario2,0.8962318233879027,2025-04-04T09:59:34.147675
cd504edb-1db3-4575-b403-062f6bd5fd01,Slow,Hard,6,5,6,5,4,22,female,highschool,very_often,4,5,5,5,5,103.0,1080.0,slow_hard,5,True,,22.907590265266546,scenario4,5.033031342151896,2025-04-04T10:03:15.957547
cd504edb-1db3-4575-b403-062f6bd5fd01,Fast,Hard,5,5,5,5,4,22,female,highschool,very_often,4,5,5,5,5,102.0,5336.0,fast_hard,5,True,,23.889578641466503,scenario3,0.7883445638732964,2025-04-04T10:01:27.930442
08ac2297-0b98-4cb8-b139-cef90ef8a130,Slow,Easy,3,5,3,3,7,23,male,highschool,very_often,5,5,5,5,7,114.0,1115.0,slow_easy,5,True,,21.08694985480961,scenario4,5.626637353798601,2025-03-26T21:53:36.199050
08ac2297-0b98-4cb8-b139-cef90ef8a130,Fast,Easy,4,7,3,6,7,23,male,highschool,very_often,5,5,5,5,7,57.0,1025.0,fast_easy,5,True,,21.446294004609275,scenario3,0.8579978131187317,2025-03-26T21:49:09.651807
08ac2297-0b98-4cb8-b139-cef90ef8a130,Slow,Hard,6,6,7,5,7,23,male,highschool,very_often,5,5,5,5,7,53.0,5325.0,slow_hard,5,True,,21.887954074094004,scenario2,5.097545183170241,2025-03-26T21:52:28.134384
08ac2297-0b98-4cb8-b139-cef90ef8a130,Fast,Hard,3,7,3,4,7,23,male,highschool,very_often,5,5,5,5,7,56.0,5849.0,fast_hard,5,True,,24.94192619721611,scenario1,0.7875271925554361,2025-03-26T21:50:32.681634
157dbf55-a7cf-447e-a451-e2e7d280420e,Slow,Easy,5,6,5,6,7,21,female,highschool,very_often,4,3,5,6,5,302.0,1212.0,slow_easy,5,True,,23.583480413388475,scenario4,5.319157346833876,2025-03-26T15:12:47.918661
157dbf55-a7cf-447e-a451-e2e7d280420e,Fast,Easy,3,5,3,3,3,21,female,highschool,very_often,4,3,5,6,5,110.0,1087.0,fast_easy,5,True,,22.616484947507203,scenario2,0.7272627238361616,2025-03-26T15:11:23.820297
157dbf55-a7cf-447e-a451-e2e7d280420e,Slow,Hard,6,6,5,7,5,21,female,highschool,very_often,4,3,5,6,5,111.0,5657.0,slow_hard,5,True,,24.336176636800225,scenario3,5.892367188195313,2025-03-26T15:17:40.187740
157dbf55-a7cf-447e-a451-e2e7d280420e,Fast,Hard,6,6,6,7,7,21,female,highschool,very_often,4,3,5,6,5,144.0,6231.0,fast_hard,5,True,,22.42847447817396,scenario1,0.85527449081747,2025-03-26T15:09:38.238781
4b8721a8-acd7-4889-a923-b3caa68854f3,Slow,Easy,4,5,4,5,7,22,male,highschool,often,5,5,4,5,4,964.0,1526.0,slow_easy,5,True,,22.235586447843417,scenario3,5.045485254783451,2025-03-25T23:01:33.304379
4b8721a8-acd7-4889-a923-b3caa68854f3,Fast,Easy,3,6,1,2,7,22,male,highschool,often,5,5,4,5,4,277.0,6673.0,fast_easy,5,True,,22.397020843451013,scenario1,0.73140115294421,2025-03-25T22:57:06.197850
4b8721a8-acd7-4889-a923-b3caa68854f3,Slow,Hard,5,6,7,6,3,22,male,highschool,often,5,5,4,5,4,251.0,6146.0,slow_hard,5,True,,23.50903339533028,scenario4,5.819676295483419,2025-03-25T22:59:51.657451
4b8721a8-acd7-4889-a923-b3caa68854f3,Fast,Hard,5,6,7,6,3,22,male,highschool,often,5,5,4,5,4,263.0,1596.0,fast_hard,5,True,,22.31189266044329,scenario2,0.7695679547824344,2025-03-25T23:04:29.116574
a8e2af89-e97d-4ea5-9be5-c6bf31dac532,Slow,Easy,2,1,1,1,7,27,male,master,often,5,5,4,5,6,137.0,1061.0,slow_easy,5,True,,23.07099748108021,scenario1,5.368956742269888,2025-03-30T21:05:30.499550
a8e2af89-e97d-4ea5-9be5-c6bf31dac532,Fast,Easy,3,3,4,5,7,27,male,master,often,5,5,4,5,6,95.0,1196.0,fast_easy,5,True,,22.8791302147541,scenario3,0.7099628156145169,2025-03-30T20:52:10.583819
a8e2af89-e97d-4ea5-9be5-c6bf31dac532,Slow,Hard,6,7,7,7,5,27,male,master,often,5,5,4,5,6,119.0,6129.0,slow_hard,5,True,,25.075563375952385,scenario4,5.743048974391583,2025-03-30T21:04:20.750406
a8e2af89-e97d-4ea5-9be5-c6bf31dac532,Fast,Hard,6,7,7,7,4,27,male,master,often,5,5,4,5,6,89.0,5785.0,fast_hard,5,True,,21.75606038940676,scenario2,0.7826366519153795,2025-03-30T20:57:56.861209
17752845-c625-46fe-8e46-0f0d5a71b832,Slow,Easy,5,5,2,3,7,22,female,highschool,very_often,5,6,3,6,7,485.0,1669.0,slow_easy,5,True,,24.256992030946115,scenario4,5.117813849343892,2025-03-30T08:47:13.501719
17752845-c625-46fe-8e46-0f0d5a71b832,Fast,Easy,5,5,1,1,7,22,female,highschool,very_often,5,6,3,6,7,267.0,1567.0,fast_easy,5,True,,21.307998362375272,scenario1,0.8954169054934507,2025-03-30T08:44:23.835934
17752845-c625-46fe-8e46-0f0d5a71b832,Slow,Hard,5,7,6,5,3,22,female,highschool,very_often,5,6,3,6,7,266.0,6059.0,slow_hard,5,True,,23.57266975753839,scenario3,5.740227091364961,2025-03-30T08:48:33.975818
17752845-c625-46fe-8e46-0f0d5a71b832,Fast,Hard,7,7,6,6,5,22,female,highschool,very_often,5,6,3,6,7,268.0,6540.0,fast_hard,5,True,,22.77064346426736,scenario2,0.7747076576474221,2025-03-30T08:46:01.868782
79bdb3e5-c772-4ad8-b012-70e66d293aa8,Slow,Easy,6,5,3,5,2,26,female,bachelor,very_often,1,3,5,5,6,1464.0,3102.0,slow_easy,5,True,,24.90605178498109,scenario1,5.462271276324037,2025-04-06T12:27:19.776106
79bdb3e5-c772-4ad8-b012-70e66d293aa8,Fast,Easy,5,6,2,3,6,26,female,bachelor,very_often,1,3,5,5,6,690.0,7340.0,fast_easy,5,True,,24.60140908864565,scenario4,0.8176967764128661,2025-04-06T12:28:48.759369
79bdb3e5-c772-4ad8-b012-70e66d293aa8,Slow,Hard,2,6,2,1,1,26,female,bachelor,very_often,1,3,5,5,6,810.0,2897.0,slow_hard,5,True,,22.128607875343832,scenario2,5.582559930825442,2025-04-06T12:30:29.924929
79bdb3e5-c772-4ad8-b012-70e66d293aa8,Fast,Hard,3,5,7,5,2,26,female,bachelor,very_often,1,3,5,5,6,672.0,7401.0,fast_hard,5,True,,23.40077679936901,scenario3,0.8794876223217374,2025-04-06T12:25:53.296487
40d58ce1-a915-4443-a8e3-afe1adad6313,Slow,Easy,2,5,1,2,6,23,female,highschool,very_often,5,6,2,6,6,140.0,6317.0,slow_easy,2,True,,23.19795092063794,scenario2,5.767944897516268,2025-03-26T16:12:08.294961
40d58ce1-a915-4443-a8e3-afe1adad6313,Fast,Easy,2,5,2,4,6,23,female,highschool,very_often,5,6,2,6,6,112.0,1328.0,fast_easy,2,True,,20.522037139391443,scenario4,0.8113410757706884,2025-03-26T15:56:29.062220
40d58ce1-a915-4443-a8e3-afe1adad6313,Slow,Hard,5,5,5,3,2,23,female,highschool,very_often,5,6,2,6,6,125.0,5704.0,slow_hard,2,True,,22.482199318923566,scenario3,5.229865549653614,2025-03-26T16:06:31.616640
40d58ce1-a915-4443-a8e3-afe1adad6313,Fast,Hard,5,6,4,6,4,23,female,highschool,very_often,5,6,2,6,6,127.0,5622.0,fast_hard,2,True,,24.521824050529585,scenario1,0.8510505142635969,2025-03-26T15:53:52.246986
fff11bee-c99f-4d52-851a-e3006df550b0,Slow,Easy,1,5,2,3,4,28,male,master,very_often,2,2,1,5,6,166.0,1447.0,slow_easy,4,True,,23.316498984634123,scenario3,5.944404821663172,2025-03-31T17:33:51.355712
fff11bee-c99f-4d52-851a-e3006df550b0,Fast,Easy,1,5,3,2,4,28,male,master,very_often,2,2,1,5,6,217.0,6606.0,fast_easy,4,True,,20.995800452740063,scenario4,0.8010372268864766,2025-03-31T17:31:14.355953
fff11bee-c99f-4d52-851a-e3006df550b0,Slow,Hard,3,6,3,4,5,28,male,master,very_often,2,2,1,5,6,156.0,1484.0,slow_hard,4,True,,23.85934019386009,scenario1,5.76292690013365,2025-03-31T17:22:42.531617
fff11bee-c99f-4d52-851a-e3006df550b0,Fast,Hard,7,7,7,6,5,28,male,master,very_often,2,2,1,5,6,,,fast_hard,4,True,,22.71020946441191,scenario2,0.849369201843153,2025-03-31T17:43:31.015316
556be892-4ebe-4173-a4da-d30bc2deab9b,Slow,Easy,3,5,4,4,7,23,male,highschool,very_often,5,5,4,5,3,160.0,979.0,slow_easy,5,True,,20.124358669678934,scenario4,5.936411309469362,2025-04-11T02:42:18.884556
556be892-4ebe-4173-a4da-d30bc2deab9b,Fast,Easy,5,5,2,4,6,23,male,highschool,very_often,5,5,4,5,3,60.0,5443.0,fast_easy,5,True,,20.62960661123697,scenario3,0.7366816292313888,2025-04-11T02:37:20.910644
556be892-4ebe-4173-a4da-d30bc2deab9b,Slow,Hard,4,2,2,4,3,23,male,highschool,very_often,5,5,4,5,3,56.0,6295.0,slow_hard,5,True,,22.009571750095024,scenario1,5.0706990335509525,2025-04-11T02:40:21.177890
556be892-4ebe-4173-a4da-d30bc2deab9b,Fast,Hard,4,5,4,3,2,23,male,highschool,very_often,5,5,4,5,3,54.0,1129.0,fast_hard,5,True,,21.3951624892228,scenario2,0.7715452923553227,2025-04-11T02:44:18.483537
bad94ac5-389f-4307-9b0b-7b33bb81da34,Slow,Easy,4,3,2,2,7,24,male,highschool,sometimes,4,4,5,6,3,99.0,1106.0,slow_easy,5,True,,21.18519196523308,scenario1,5.812387260421792,2025-03-28T13:59:20.000851
bad94ac5-389f-4307-9b0b-7b33bb81da34,Fast,Easy,5,6,3,5,7,24,male,highschool,sometimes,4,4,5,6,3,55.0,1001.0,fast_easy,5,True,,22.53099949608967,scenario3,0.8526360586744659,2025-03-28T13:53:14.964137
bad94ac5-389f-4307-9b0b-7b33bb81da34,Slow,Hard,6,6,6,5,5,24,male,highschool,sometimes,4,4,5,6,3,66.0,6058.0,slow_hard,5,True,,22.145533690764665,scenario2,5.525331334774892,2025-03-28T14:02:00.784868
bad94ac5-389f-4307-9b0b-7b33bb81da34,Fast,Hard,6,6,6,2,3,24,male,highschool,sometimes,4,4,5,6,3,61.0,5794.0,fast_hard,5,True,,23.87125907760401,scenario4,0.7542400881685365,2025-03-28T13:56:24.536913
5fa6d0ff-3749-4f20-9155-e9cfae4c649c,Slow,Easy,5,5,5,5,7,20,male,highschool,often,6,5,5,5,5,124.0,5390.0,slow_easy,5,True,,21.62404266540646,scenario1,5.737299381715799,2025-04-11T08:40:02.174298
5fa6d0ff-3749-4f20-9155-e9cfae4c649c,Fast,Easy,3,3,3,4,6,20,male,highschool,often,6,5,5,5,5,56.0,5936.0,fast_easy,5,True,,20.53873808628464,scenario4,0.8392226565189222,2025-04-11T08:41:19.147444
5fa6d0ff-3749-4f20-9155-e9cfae4c649c,Slow,Hard,5,6,5,3,2,20,male,highschool,often,6,5,5,5,5,55.0,1257.0,slow_hard,5,True,,23.59387510051082,scenario3,5.147542956094007,2025-04-11T08:38:10.146971
5fa6d0ff-3749-4f20-9155-e9cfae4c649c,Fast,Hard,6,5,5,5,5,20,male,highschool,often,6,5,5,5,5,56.0,937.0,fast_hard,5,True,,21.295937919501952,scenario2,0.7117671492166281,2025-04-11T08:43:17.582147
0b80d693-ed63-437f-ba7c-12954ea3a01a,Slow,Easy,1,2,3,2,5,25,female,highschool,often,5,5,4,5,5,79.0,5990.0,slow_easy,5,True,,19.22887723628019,scenario2,5.808110801602712,2025-04-10T15:12:56.025498
0b80d693-ed63-437f-ba7c-12954ea3a01a,Fast,Easy,4,5,3,4,1,25,female,highschool,often,5,5,4,5,5,53.0,1176.0,fast_easy,5,True,,19.50502139345145,scenario4,0.8560259932183922,2025-04-10T15:08:10.116954
0b80d693-ed63-437f-ba7c-12954ea3a01a,Slow,Hard,4,6,5,6,6,25,female,highschool,often,5,5,4,5,5,52.0,929.0,slow_hard,5,True,,23.82510194519393,scenario3,5.767641711724295,2025-04-10T15:06:13.248350
0b80d693-ed63-437f-ba7c-12954ea3a01a,Fast,Hard,6,6,6,5,6,25,female,highschool,often,5,5,4,5,5,51.0,6086.0,fast_hard,5,True,,21.812468396629328,scenario1,0.7022415655712488,2025-04-10T15:11:45.099086
3e521409-b747-4225-abfa-07bea7a114d2,Slow,Easy,2,4,2,2,7,36,diverse,master,very_often,4,5,6,6,4,111.0,1216.0,slow_easy,5,True,,21.21576851784378,scenario1,5.444658260328469,2025-03-26T12:42:58.862272
3e521409-b747-4225-abfa-07bea7a114d2,Fast,Easy,5,5,4,5,7,36,diverse,master,very_often,4,5,6,6,4,43.0,1199.0,fast_easy,5,True,,23.608108967226773,scenario3,0.7083815599776914,2025-03-26T12:36:44.795095
3e521409-b747-4225-abfa-07bea7a114d2,Slow,Hard,6,7,7,6,6,36,diverse,master,very_often,4,5,6,6,4,50.0,5736.0,slow_hard,5,True,,24.246004436708947,scenario4,5.774491914059269,2025-03-26T12:46:40.898870
3e521409-b747-4225-abfa-07bea7a114d2,Fast,Hard,5,6,5,7,6,36,diverse,master,very_often,4,5,6,6,4,44.0,6001.0,fast_hard,5,True,,22.458703569165863,scenario2,0.7885402289430206,2025-03-26T12:40:17.633532
fd252c36-cde3-492b-ad8d-4cd73f662d8b,Slow,Easy,3,7,5,6,5,26,female,master,sometimes,5,3,3,3,6,405.0,6690.0,slow_easy,5,True,,21.261623738726037,scenario2,5.996710073927733,2025-03-31T16:49:26.092742
fd252c36-cde3-492b-ad8d-4cd73f662d8b,Fast,Easy,1,1,1,1,1,26,female,master,sometimes,5,3,3,3,6,120.0,1429.0,fast_easy,5,True,,21.485054940640005,scenario1,0.7973251819771285,2025-03-31T16:52:22.465201
fd252c36-cde3-492b-ad8d-4cd73f662d8b,Slow,Hard,6,6,6,7,7,26,female,master,sometimes,5,3,3,3,6,138.0,1292.0,slow_hard,5,True,,23.60084046813756,scenario3,5.728123872577582,2025-03-31T16:53:54.306520
fd252c36-cde3-492b-ad8d-4cd73f662d8b,Fast,Hard,5,5,4,2,2,26,female,master,sometimes,5,3,3,3,6,662.0,6417.0,fast_hard,5,True,,23.63210785871853,scenario4,0.8555369636808245,2025-03-31T16:51:15.241976
